<?xml version="1.0" encoding="UTF-8"?>
<config xmlns="http://www.knime.org/2008/09/XMLConfig" xmlns:xsi="http://www.w3.org/2001/XMLSchema-instance" xsi:schemaLocation="http://www.knime.org/2008/09/XMLConfig http://www.knime.org/XMLConfig_2008_09.xsd" key="MiningSchema">
<config key="learning">
<entry key="array-size" type="xint" value="19"/>
<entry key="0" type="xstring" value="F0"/>
<entry key="1" type="xstring" value="F1"/>
<entry key="2" type="xstring" value="F2"/>
<entry key="3" type="xstring" value="F3"/>
<entry key="4" type="xstring" value="F4"/>
<entry key="5" type="xstring" value="F5"/>
<entry key="6" type="xstring" value="F6"/>
<entry key="7" type="xstring" value="F7"/>
<entry key="8" type="xstring" value="F8"/>
<entry key="9" type="xstring" value="F9"/>
<entry key="10" type="xstring" value="F10"/>
<entry key="11" type="xstring" value="F11"/>
<entry key="12" type="xstring" value="F12"/>
<entry key="13" type="xstring" value="F13"/>
<entry key="14" type="xstring" value="F14"/>
<entry key="15" type="xstring" value="F15"/>
<entry key="16" type="xstring" value="F16"/>
<entry key="17" type="xstring" value="F17"/>
<entry key="18" type="xstring" value="F18"/>
</config>
<config key="target">
<entry key="array-size" type="xint" value="1"/>
<entry key="0" type="xstring" value="Class"/>
</config>
</config>
